"","Package","LibPath","Version","Priority","Depends","Imports","LinkingTo","Suggests","Enhances","License","License_is_FOSS","License_restricts_use","OS_type","MD5sum","NeedsCompilation","Built"
"askpass","askpass","/home/joernih/R/x86_64-pc-linux-gnu-library/4.1","1.1",NA,NA,"sys (>= 2.1)",NA,"testthat",NA,"MIT + file LICENSE",NA,NA,NA,NA,"yes","4.1.1"
"backports","backports","/home/joernih/R/x86_64-pc-linux-gnu-library/4.1","1.2.1",NA,"R (>= 3.0.0)",NA,NA,NA,NA,"GPL-2 | GPL-3",NA,NA,NA,NA,"yes","4.1.1"
"base64enc","base64enc","/home/joernih/R/x86_64-pc-linux-gnu-library/4.1","0.1-3",NA,"R (>= 2.9.0)",NA,NA,NA,"png","GPL-2 | GPL-3",NA,NA,NA,NA,"yes","4.1.1"
"brew","brew","/home/joernih/R/x86_64-pc-linux-gnu-library/4.1","1.0-6",NA,NA,NA,NA,NA,NA,"GPL-2",NA,NA,NA,NA,NA,"4.1.1"
"brio","brio","/home/joernih/R/x86_64-pc-linux-gnu-library/4.1","1.1.2",NA,NA,NA,NA,"testthat (>= 2.1.0), covr",NA,"MIT + file LICENSE",NA,NA,NA,NA,"yes","4.1.1"
"cachem","cachem","/home/joernih/R/x86_64-pc-linux-gnu-library/4.1","1.0.6",NA,NA,"rlang, fastmap",NA,"testthat",NA,"MIT + file LICENSE",NA,NA,NA,NA,"yes","4.1.1"
"callr","callr","/home/joernih/R/x86_64-pc-linux-gnu-library/4.1","3.7.0",NA,NA,"processx (>= 3.5.0), R6, utils",NA,"cli, covr, ps, rprojroot, spelling, testthat, withr (>=
2.3.0)",NA,"MIT + file LICENSE",NA,NA,NA,NA,"no","4.1.1"
"checkmate","checkmate","/home/joernih/R/x86_64-pc-linux-gnu-library/4.1","2.0.0",NA,"R (>= 3.0.0)","backports (>= 1.1.0), utils",NA,"R6, fastmatch, data.table (>= 1.9.8), devtools, ggplot2,
knitr, magrittr, microbenchmark, rmarkdown, testthat (>=
0.11.0), tinytest (>= 1.1.0), tibble",NA,"BSD_3_clause + file LICENSE",NA,NA,NA,NA,"yes","4.1.1"
"cli","cli","/home/joernih/R/x86_64-pc-linux-gnu-library/4.1","3.0.1",NA,"R (>= 2.10)","glue, utils",NA,"callr, covr, grDevices, htmlwidgets, knitr, methods, mockery,
prettycode (>= 1.1.0), processx, ps (>= 1.3.4.9000), rlang,
rmarkdown, rstudioapi, shiny, testthat, tibble, withr",NA,"MIT + file LICENSE",NA,NA,NA,NA,"yes","4.1.1"
"clipr","clipr","/home/joernih/R/x86_64-pc-linux-gnu-library/4.1","0.7.1",NA,NA,"utils",NA,"covr, knitr, rmarkdown, rstudioapi (>= 0.5), testthat (>=
2.0.0)",NA,"GPL-3",NA,NA,NA,NA,"no","4.1.1"
"colorspace","colorspace","/home/joernih/R/x86_64-pc-linux-gnu-library/4.1","2.0-2",NA,"R (>= 3.0.0), methods","graphics, grDevices, stats",NA,"datasets, utils, KernSmooth, MASS, kernlab, mvtnorm, vcd,
tcltk, shiny, shinyjs, ggplot2, dplyr, scales, grid, png, jpeg,
knitr, rmarkdown, RColorBrewer, rcartocolor, scico, viridis,
wesanderson",NA,"BSD_3_clause + file LICENSE",NA,NA,NA,NA,"yes","4.1.1"
"commonmark","commonmark","/home/joernih/R/x86_64-pc-linux-gnu-library/4.1","1.7",NA,NA,NA,NA,"curl, testthat, xml2",NA,"BSD_2_clause + file LICENSE",NA,NA,NA,NA,"yes","4.1.1"
"COVID19","COVID19","/home/joernih/R/x86_64-pc-linux-gnu-library/4.1","2.3.2",NA,"R (>= 3.5.0)","utils, dplyr, tidyr (>= 1.0.0)",NA,"wbstats",NA,"MIT + file LICENSE",NA,NA,NA,NA,"no","4.1.1"
"cpp11","cpp11","/home/joernih/R/x86_64-pc-linux-gnu-library/4.1","0.3.1",NA,NA,NA,NA,"bench, brio, callr, cli, covr, decor, desc, ggplot2, glue,
knitr, lobstr, mockery, progress, rmarkdown, scales, Rcpp,
testthat, tibble, utils, vctrs, withr",NA,"MIT + file LICENSE",NA,NA,NA,NA,"no","4.1.1"
"crayon","crayon","/home/joernih/R/x86_64-pc-linux-gnu-library/4.1","1.4.1",NA,NA,"grDevices, methods, utils",NA,"mockery, rstudioapi, testthat, withr",NA,"MIT + file LICENSE",NA,NA,NA,NA,"no","4.1.1"
"credentials","credentials","/home/joernih/R/x86_64-pc-linux-gnu-library/4.1","1.3.1",NA,NA,"openssl (>= 1.3), sys (>= 2.1), curl, jsonlite, askpass",NA,"testthat, knitr, rmarkdown",NA,"MIT + file LICENSE",NA,NA,NA,NA,"no","4.1.1"
"crosstalk","crosstalk","/home/joernih/R/x86_64-pc-linux-gnu-library/4.1","1.1.1",NA,NA,"htmltools (>= 0.3.6), jsonlite, lazyeval, R6",NA,"shiny, ggplot2, testthat (>= 2.1.0)",NA,"MIT + file LICENSE",NA,NA,NA,NA,"no","4.1.1"
"curl","curl","/home/joernih/R/x86_64-pc-linux-gnu-library/4.1","4.3.2",NA,"R (>= 3.0.0)",NA,NA,"spelling, testthat (>= 1.0.0), knitr, jsonlite, rmarkdown,
magrittr, httpuv (>= 1.4.4), webutils",NA,"MIT + file LICENSE",NA,NA,NA,NA,"yes","4.1.1"
"data.table","data.table","/home/joernih/R/x86_64-pc-linux-gnu-library/4.1","1.14.0",NA,"R (>= 3.1.0)","methods",NA,"bit64 (>= 4.0.0), bit (>= 4.0.4), curl, R.utils, xts,
nanotime, zoo (>= 1.8-1), yaml, knitr, rmarkdown",NA,"MPL-2.0 | file LICENSE",NA,NA,NA,NA,"yes","4.1.1"
"desc","desc","/home/joernih/R/x86_64-pc-linux-gnu-library/4.1","1.3.0",NA,"R (>= 3.1.0)","utils, R6, crayon, rprojroot",NA,"covr, testthat, whoami, withr, spelling, gh",NA,"MIT + file LICENSE",NA,NA,NA,NA,"no","4.1.1"
"devtools","devtools","/home/joernih/R/x86_64-pc-linux-gnu-library/4.1","2.4.2",NA,"R (>= 3.0.2), usethis (>= 2.0.1)","callr (>= 3.6.0), cli (>= 2.4.0), desc (>= 1.3.0), ellipsis
(>= 0.3.1), fs (>= 1.5.0), httr (>= 1.4.2), lifecycle (>=
1.0.0), memoise (>= 2.0.0), pkgbuild (>= 1.2.0), pkgload (>=
1.2.1), rcmdcheck (>= 1.3.3), remotes (>= 2.3.0), rlang (>=
0.4.10), roxygen2 (>= 7.1.1), rstudioapi (>= 0.13), rversions
(>= 2.0.2), sessioninfo (>= 1.1.1), stats, testthat (>= 3.0.2),
tools, utils, withr (>= 2.4.1)",NA,"BiocManager (>= 1.30.12), covr (>= 3.5.1), curl (>= 4.3),
digest (>= 0.6.27), DT (>= 0.17), foghorn (>= 1.3.2), gh (>=
1.2.1), gmailr (>= 1.0.0), knitr (>= 1.31), lintr (>= 2.0.1),
MASS, mockery (>= 0.4.2), pingr (>= 2.0.1), pkgdown (>= 1.6.1),
rhub (>= 1.1.1), rmarkdown (>= 2.7), spelling (>= 2.2)",NA,"MIT + file LICENSE",NA,NA,NA,NA,"no","4.1.1"
"diffobj","diffobj","/home/joernih/R/x86_64-pc-linux-gnu-library/4.1","0.3.4",NA,"R (>= 3.1.0)","crayon (>= 1.3.2), tools, methods, utils, stats",NA,"knitr, rmarkdown",NA,"GPL (>= 2)",NA,NA,NA,NA,"yes","4.1.1"
"digest","digest","/home/joernih/R/x86_64-pc-linux-gnu-library/4.1","0.6.27",NA,"R (>= 3.3.0)","utils",NA,"tinytest, knitr, rmarkdown, minidown",NA,"GPL (>= 2)",NA,NA,NA,NA,"yes","4.1.1"
"dplyr","dplyr","/home/joernih/R/x86_64-pc-linux-gnu-library/4.1","1.0.7",NA,"R (>= 3.3.0)","ellipsis, generics, glue (>= 1.3.2), lifecycle (>= 1.0.0),
magrittr (>= 1.5), methods, R6, rlang (>= 0.4.10), tibble (>=
2.1.3), tidyselect (>= 1.1.0), utils, vctrs (>= 0.3.5), pillar
(>= 1.5.1)",NA,"bench, broom, callr, covr, DBI, dbplyr (>= 1.4.3), knitr,
Lahman, lobstr, microbenchmark, nycflights13, purrr, rmarkdown,
RMySQL, RPostgreSQL, RSQLite, testthat (>= 3.0.2), tidyr, withr",NA,"MIT + file LICENSE",NA,NA,NA,NA,"yes","4.1.1"
"ellipsis","ellipsis","/home/joernih/R/x86_64-pc-linux-gnu-library/4.1","0.3.2",NA,"R (>= 3.2)","rlang (>= 0.3.0)",NA,"covr, testthat",NA,"MIT + file LICENSE",NA,NA,NA,NA,"yes","4.1.1"
"evaluate","evaluate","/home/joernih/R/x86_64-pc-linux-gnu-library/4.1","0.14",NA,"R (>= 3.0.2)","methods",NA,"testthat, lattice, ggplot2",NA,"MIT + file LICENSE",NA,NA,NA,NA,"no","4.1.1"
"fansi","fansi","/home/joernih/R/x86_64-pc-linux-gnu-library/4.1","0.5.0",NA,"R (>= 3.1.0)","grDevices, utils",NA,"unitizer, knitr, rmarkdown",NA,"GPL (>= 2)",NA,NA,NA,NA,"yes","4.1.1"
"farver","farver","/home/joernih/R/x86_64-pc-linux-gnu-library/4.1","2.1.0",NA,NA,NA,NA,"testthat (>= 2.1.0), covr",NA,"MIT + file LICENSE",NA,NA,NA,NA,"yes","4.1.1"
"fastmap","fastmap","/home/joernih/R/x86_64-pc-linux-gnu-library/4.1","1.1.0",NA,NA,NA,NA,"testthat (>= 2.1.1)",NA,"MIT + file LICENSE",NA,NA,NA,NA,"yes","4.1.1"
"fs","fs","/home/joernih/R/x86_64-pc-linux-gnu-library/4.1","1.5.0",NA,"R (>= 3.1)","methods",NA,"testthat, covr, pillar (>= 1.0.0), tibble (>= 1.1.0), crayon,
rmarkdown, knitr, withr, spelling, vctrs (>= 0.3.0)",NA,"GPL-3",NA,NA,NA,NA,"yes","4.1.1"
"generics","generics","/home/joernih/R/x86_64-pc-linux-gnu-library/4.1","0.1.0",NA,"R (>= 3.1)","methods",NA,"covr, pkgload, testthat, tibble",NA,"MIT + file LICENSE",NA,NA,NA,NA,"no","4.1.1"
"gert","gert","/home/joernih/R/x86_64-pc-linux-gnu-library/4.1","1.3.2",NA,NA,"askpass, credentials (>= 1.2.1), openssl (>= 1.4.1),
rstudioapi (>= 0.11), sys, zip (>= 2.1.0)",NA,"spelling, knitr, rmarkdown, testthat",NA,"MIT + file LICENSE",NA,NA,NA,NA,"yes","4.1.1"
"ggplot2","ggplot2","/home/joernih/R/x86_64-pc-linux-gnu-library/4.1","3.3.5",NA,"R (>= 3.3)","digest, glue, grDevices, grid, gtable (>= 0.1.1), isoband,
MASS, mgcv, rlang (>= 0.4.10), scales (>= 0.5.0), stats,
tibble, withr (>= 2.0.0)",NA,"covr, ragg, dplyr, ggplot2movies, hexbin, Hmisc, interp,
knitr, lattice, mapproj, maps, maptools, multcomp, munsell,
nlme, profvis, quantreg, RColorBrewer, rgeos, rmarkdown, rpart,
sf (>= 0.7-3), svglite (>= 1.2.0.9001), testthat (>= 2.1.0),
vdiffr (>= 1.0.0), xml2","sp","MIT + file LICENSE",NA,NA,NA,NA,"no","4.1.1"
"gh","gh","/home/joernih/R/x86_64-pc-linux-gnu-library/4.1","1.3.0",NA,NA,"cli (>= 2.0.1), gitcreds, httr (>= 1.2), ini, jsonlite",NA,"covr, knitr, mockery, rmarkdown, rprojroot, spelling,
testthat (>= 2.3.2), withr",NA,"MIT + file LICENSE",NA,NA,NA,NA,"no","4.1.1"
"gitcreds","gitcreds","/home/joernih/R/x86_64-pc-linux-gnu-library/4.1","0.1.1",NA,NA,NA,NA,"codetools, testthat, knitr, mockery, oskeyring, rmarkdown,
withr",NA,"MIT + file LICENSE",NA,NA,NA,NA,"no","4.1.1"
"glue","glue","/home/joernih/R/x86_64-pc-linux-gnu-library/4.1","1.4.2",NA,"R (>= 3.2)","methods",NA,"testthat, covr, magrittr, crayon, knitr, rmarkdown, DBI,
RSQLite, R.utils, forcats, microbenchmark, rprintf, stringr,
ggplot2, dplyr, withr, vctrs (>= 0.3.0)",NA,"MIT + file LICENSE",NA,NA,NA,NA,"yes","4.1.1"
"gridExtra","gridExtra","/home/joernih/R/x86_64-pc-linux-gnu-library/4.1","2.3",NA,NA,"gtable, grid, grDevices, graphics, utils",NA,"ggplot2, egg, lattice, knitr, testthat",NA,"GPL (>= 2)",NA,NA,NA,NA,"no","4.1.1"
"gtable","gtable","/home/joernih/R/x86_64-pc-linux-gnu-library/4.1","0.3.0",NA,"R (>= 3.0)","grid",NA,"covr, testthat, knitr, rmarkdown, ggplot2, profvis",NA,"GPL-2",NA,NA,NA,NA,"no","4.1.1"
"highr","highr","/home/joernih/R/x86_64-pc-linux-gnu-library/4.1","0.9",NA,"R (>= 3.2.3)","xfun (>= 0.18)",NA,"knitr, markdown, testit",NA,"GPL",NA,NA,NA,NA,"no","4.1.1"
"htmlTable","htmlTable","/home/joernih/R/x86_64-pc-linux-gnu-library/4.1","2.2.1",NA,NA,"stringr, knitr (>= 1.6), magrittr (>= 1.5), methods,
checkmate, htmlwidgets, htmltools, rstudioapi (>= 0.6)",NA,"testthat, XML, xml2, Hmisc, reshape, rmarkdown, chron,
lubridate, tibble, purrr, tidyselect, glue, rlang, tidyr (>=
0.7.2), dplyr (>= 0.7.4)",NA,"GPL (>= 3)",NA,NA,NA,NA,"no","4.1.1"
"htmltools","htmltools","/home/joernih/R/x86_64-pc-linux-gnu-library/4.1","0.5.1.1",NA,"R (>= 2.14.1)","utils, digest, grDevices, base64enc, rlang",NA,"markdown, testthat, withr, Cairo, ragg, shiny","knitr","GPL (>= 2)",NA,NA,NA,NA,"yes","4.1.1"
"htmlwidgets","htmlwidgets","/home/joernih/R/x86_64-pc-linux-gnu-library/4.1","1.5.3",NA,NA,"grDevices, htmltools (>= 0.3), jsonlite (>= 0.9.16), yaml",NA,"knitr (>= 1.8), rmarkdown, testthat","shiny (>= 1.1)","MIT + file LICENSE",NA,NA,NA,NA,"no","4.1.1"
"httpuv","httpuv","/home/joernih/R/x86_64-pc-linux-gnu-library/4.1","1.6.2",NA,"R (>= 2.15.1)","Rcpp (>= 0.11.0), utils, R6, promises, later (>= 0.8.0)","Rcpp, later","testthat, callr, curl, websocket",NA,"GPL (>= 2) | file LICENSE",NA,NA,NA,NA,"yes","4.1.1"
"httr","httr","/home/joernih/R/x86_64-pc-linux-gnu-library/4.1","1.4.2",NA,"R (>= 3.2)","curl (>= 3.0.0), jsonlite, mime, openssl (>= 0.8), R6",NA,"covr, httpuv, jpeg, knitr, png, readr, rmarkdown, testthat
(>= 0.8.0), xml2",NA,"MIT + file LICENSE",NA,NA,NA,NA,"no","4.1.1"
"ini","ini","/home/joernih/R/x86_64-pc-linux-gnu-library/4.1","0.3.1",NA,NA,NA,NA,"testthat",NA,"GPL-3",NA,NA,NA,NA,"no","4.1.1"
"isoband","isoband","/home/joernih/R/x86_64-pc-linux-gnu-library/4.1","0.2.5",NA,NA,"grid, utils",NA,"covr, ggplot2, knitr, magick, microbenchmark, rmarkdown, sf,
testthat, xml2",NA,"MIT + file LICENSE",NA,NA,NA,NA,"yes","4.1.1"
"jsonlite","jsonlite","/home/joernih/R/x86_64-pc-linux-gnu-library/4.1","1.7.2",NA,"methods",NA,NA,"httr, curl, plyr, testthat, knitr, rmarkdown, R.rsp, sf",NA,"MIT + file LICENSE",NA,NA,NA,NA,"yes","4.1.1"
"knitr","knitr","/home/joernih/R/x86_64-pc-linux-gnu-library/4.1","1.33",NA,"R (>= 3.2.3)","evaluate (>= 0.10), highr, methods, markdown, stringr (>=
0.6), yaml (>= 2.1.19), xfun (>= 0.21), tools",NA,"formatR, testit, digest, rgl (>= 0.95.1201), codetools,
rmarkdown, htmlwidgets (>= 0.7), webshot, tikzDevice (>= 0.10),
tinytex, reticulate (>= 1.4), JuliaCall (>= 0.11.1), magick,
png, jpeg, gifski, xml2 (>= 1.2.0), httr, DBI (>= 0.4-1),
showtext, tibble, sass, bslib, ragg, styler (>= 1.2.0)",NA,"GPL",NA,NA,NA,NA,"no","4.1.1"
"labeling","labeling","/home/joernih/R/x86_64-pc-linux-gnu-library/4.1","0.4.2",NA,NA,"stats, graphics",NA,NA,NA,"MIT + file LICENSE | Unlimited",NA,NA,NA,NA,"no","4.1.1"
"later","later","/home/joernih/R/x86_64-pc-linux-gnu-library/4.1","1.3.0",NA,NA,"Rcpp (>= 0.12.9), rlang","Rcpp","knitr, rmarkdown, testthat (>= 2.1.0)",NA,"MIT + file LICENSE",NA,NA,NA,NA,"yes","4.1.1"
"lazyeval","lazyeval","/home/joernih/R/x86_64-pc-linux-gnu-library/4.1","0.2.2",NA,"R (>= 3.1.0)",NA,NA,"knitr, rmarkdown (>= 0.2.65), testthat, covr",NA,"GPL-3",NA,NA,NA,NA,"yes","4.1.1"
"lifecycle","lifecycle","/home/joernih/R/x86_64-pc-linux-gnu-library/4.1","1.0.0",NA,"R (>= 3.3)","glue, rlang (>= 0.4.10)",NA,"covr, crayon, knitr, rmarkdown, testthat (>= 3.0.1), tibble",NA,"MIT + file LICENSE",NA,NA,NA,NA,"no","4.1.1"
"lubridate","lubridate","/home/joernih/R/x86_64-pc-linux-gnu-library/4.1","1.7.10",NA,"methods, R (>= 3.2)","generics, Rcpp (>= 0.12.13)","Rcpp","covr, knitr, testthat (>= 2.1.0), vctrs (>= 0.3.0), rmarkdown","chron, timeDate, tis, zoo","GPL (>= 2)",NA,NA,NA,NA,"yes","4.1.1"
"magrittr","magrittr","/home/joernih/R/x86_64-pc-linux-gnu-library/4.1","2.0.1",NA,NA,NA,NA,"covr, knitr, rlang, rmarkdown, testthat",NA,"MIT + file LICENSE",NA,NA,NA,NA,"yes","4.1.1"
"markdown","markdown","/home/joernih/R/x86_64-pc-linux-gnu-library/4.1","1.1",NA,"R (>= 2.11.1)","utils, xfun, mime (>= 0.3)",NA,"knitr, RCurl",NA,"GPL-2",NA,NA,NA,NA,"yes","4.1.1"
"matrixcalc","matrixcalc","/home/joernih/R/x86_64-pc-linux-gnu-library/4.1","1.0-5",NA,"R (>= 2.0.1)",NA,NA,NA,NA,"GPL (>= 2)",NA,NA,NA,NA,"no","4.1.1"
"memoise","memoise","/home/joernih/R/x86_64-pc-linux-gnu-library/4.1","2.0.0",NA,NA,"rlang (>= 0.4.10), cachem",NA,"digest, aws.s3, covr, googleAuthR, googleCloudStorageR, httr,
testthat",NA,"MIT + file LICENSE",NA,NA,NA,NA,"no","4.1.1"
"mime","mime","/home/joernih/R/x86_64-pc-linux-gnu-library/4.1","0.11",NA,NA,"tools",NA,NA,NA,"GPL",NA,NA,NA,NA,"yes","4.1.1"
"munsell","munsell","/home/joernih/R/x86_64-pc-linux-gnu-library/4.1","0.5.0",NA,NA,"colorspace, methods",NA,"ggplot2, testthat",NA,"MIT + file LICENSE",NA,NA,NA,NA,"no","4.1.1"
"nvimcom","nvimcom","/home/joernih/R/x86_64-pc-linux-gnu-library/4.1","0.9-122",NA,"R (>= 3.0.0)","methods, tools",NA,"knitr, rmarkdown",NA,"GPL (>= 2)",NA,NA,NA,NA,"yes","4.1.1"
"openssl","openssl","/home/joernih/R/x86_64-pc-linux-gnu-library/4.1","1.4.4",NA,NA,"askpass",NA,"testthat (>= 2.1.0), digest, knitr, rmarkdown, jsonlite,
jose, sodium",NA,"MIT + file LICENSE",NA,NA,NA,NA,"yes","4.1.1"
"pillar","pillar","/home/joernih/R/x86_64-pc-linux-gnu-library/4.1","1.6.2",NA,NA,"cli, crayon (>= 1.3.4), ellipsis (>= 0.3.2), fansi, lifecycle,
rlang (>= 0.3.0), utf8 (>= 1.1.0), utils, vctrs (>= 0.3.8)",NA,"bit64, debugme, DiagrammeR, dplyr, formattable, ggplot2,
knitr, lubridate, nycflights13, palmerpenguins, rmarkdown,
scales, stringi, survival, testthat (>= 3.0.2), tibble, units
(>= 0.7.2), withr",NA,"MIT + file LICENSE",NA,NA,NA,NA,"no","4.1.1"
"pkgbuild","pkgbuild","/home/joernih/R/x86_64-pc-linux-gnu-library/4.1","1.2.0",NA,"R (>= 3.1)","callr (>= 3.2.0), cli, crayon, desc, prettyunits, R6,
rprojroot, withr (>= 2.1.2)",NA,"Rcpp, cpp11, testthat, covr",NA,"MIT + file LICENSE",NA,NA,NA,NA,"no","4.1.1"
"pkgconfig","pkgconfig","/home/joernih/R/x86_64-pc-linux-gnu-library/4.1","2.0.3",NA,NA,"utils",NA,"covr, testthat, disposables (>= 1.0.3)",NA,"MIT + file LICENSE",NA,NA,NA,NA,"no","4.1.1"
"pkgload","pkgload","/home/joernih/R/x86_64-pc-linux-gnu-library/4.1","1.2.1",NA,NA,"cli, crayon, desc, methods, rlang, rprojroot, rstudioapi,
utils, withr",NA,"bitops, covr, pkgbuild, Rcpp, testthat",NA,"GPL-3",NA,NA,NA,NA,"yes","4.1.1"
"plotly","plotly","/home/joernih/R/x86_64-pc-linux-gnu-library/4.1","4.9.4.1",NA,"R (>= 3.2.0), ggplot2 (>= 3.0.0)","tools, scales, httr (>= 1.3.0), jsonlite (>= 1.6), magrittr,
digest, viridisLite, base64enc, htmltools (>= 0.3.6),
htmlwidgets (>= 1.5.2.9001), tidyr (>= 1.0.0), RColorBrewer,
dplyr, vctrs, tibble, lazyeval (>= 0.2.0), rlang (>= 0.4.10),
crosstalk, purrr, data.table, promises",NA,"MASS, maps, hexbin, ggthemes, GGally, testthat, knitr,
devtools, shiny (>= 1.1.0), shinytest (>= 1.3.0), curl,
rmarkdown, vdiffr, Cairo, broom, webshot, listviewer,
dendextend, sf, maptools, rgeos, png, IRdisplay, processx,
plotlyGeoAssets, forcats, palmerpenguins",NA,"MIT + file LICENSE",NA,NA,NA,NA,"no","4.1.1"
"praise","praise","/home/joernih/R/x86_64-pc-linux-gnu-library/4.1","1.0.0",NA,NA,NA,NA,"testthat",NA,"MIT + file LICENSE",NA,NA,NA,NA,"no","4.1.1"
"prettyunits","prettyunits","/home/joernih/R/x86_64-pc-linux-gnu-library/4.1","1.1.1",NA,NA,NA,NA,"codetools, covr, testthat",NA,"MIT + file LICENSE",NA,NA,NA,NA,"no","4.1.1"
"processx","processx","/home/joernih/R/x86_64-pc-linux-gnu-library/4.1","3.5.2",NA,NA,"ps (>= 1.2.0), R6, utils",NA,"callr (>= 3.2.0), cli, codetools, covr, curl, debugme,
parallel, testthat, withr",NA,"MIT + file LICENSE",NA,NA,NA,NA,"yes","4.1.1"
"promises","promises","/home/joernih/R/x86_64-pc-linux-gnu-library/4.1","1.2.0.1",NA,NA,"R6, Rcpp, later, rlang, stats, magrittr","later, Rcpp","testthat, future (>= 1.21.0), fastmap (>= 1.1.0), purrr,
knitr, rmarkdown, vembedr, spelling",NA,"MIT + file LICENSE",NA,NA,NA,NA,"yes","4.1.1"
"ps","ps","/home/joernih/R/x86_64-pc-linux-gnu-library/4.1","1.6.0",NA,"R (>= 3.1)","utils",NA,"callr, covr, curl, pingr, processx (>= 3.1.0), R6, rlang,
testthat, tibble",NA,"MIT + file LICENSE",NA,NA,NA,NA,"yes","4.1.1"
"purrr","purrr","/home/joernih/R/x86_64-pc-linux-gnu-library/4.1","0.3.4",NA,"R (>= 3.2)","magrittr (>= 1.5), rlang (>= 0.3.1)",NA,"covr, crayon, dplyr (>= 0.7.8), knitr, rmarkdown, testthat,
tibble, tidyselect",NA,"GPL-3 | file LICENSE",NA,NA,NA,NA,"yes","4.1.1"
"R6","R6","/home/joernih/R/x86_64-pc-linux-gnu-library/4.1","2.5.1",NA,"R (>= 3.0)",NA,NA,"testthat, pryr",NA,"MIT + file LICENSE",NA,NA,NA,NA,"no","4.1.1"
"rappdirs","rappdirs","/home/joernih/R/x86_64-pc-linux-gnu-library/4.1","0.3.3",NA,"R (>= 3.2)",NA,NA,"roxygen2, testthat (>= 3.0.0), covr, withr",NA,"MIT + file LICENSE",NA,NA,NA,NA,"yes","4.1.1"
"rcmdcheck","rcmdcheck","/home/joernih/R/x86_64-pc-linux-gnu-library/4.1","1.3.3",NA,NA,"callr (>= 3.1.1.9000), cli (>= 1.1.0), crayon, desc (>=
1.2.0), digest, pkgbuild, prettyunits, R6, rprojroot,
sessioninfo (>= 1.1.1), utils, withr, xopen",NA,"covr, knitr, mockery, rmarkdown, testthat",NA,"MIT + file LICENSE",NA,NA,NA,NA,"no","4.1.1"
"RColorBrewer","RColorBrewer","/home/joernih/R/x86_64-pc-linux-gnu-library/4.1","1.1-2",NA,"R (>= 2.0.0)",NA,NA,NA,NA,"Apache License 2.0",NA,NA,NA,NA,"no","4.1.1"
"Rcpp","Rcpp","/home/joernih/R/x86_64-pc-linux-gnu-library/4.1","1.0.7",NA,NA,"methods, utils",NA,"tinytest, inline, rbenchmark, pkgKitten (>= 0.1.2)",NA,"GPL (>= 2)",NA,NA,NA,NA,"yes","4.1.1"
"rematch2","rematch2","/home/joernih/R/x86_64-pc-linux-gnu-library/4.1","2.1.2",NA,NA,"tibble",NA,"covr, testthat",NA,"MIT + file LICENSE",NA,NA,NA,NA,"no","4.1.1"
"remotes","remotes","/home/joernih/R/x86_64-pc-linux-gnu-library/4.1","2.4.0",NA,"R (>= 3.0.0)","methods, stats, tools, utils",NA,"brew, callr, codetools, curl, covr, git2r (>= 0.23.0), knitr,
mockery, pkgbuild (>= 1.0.1), pingr, rmarkdown, rprojroot,
testthat, webfakes, withr",NA,"MIT + file LICENSE",NA,NA,NA,NA,"no","4.1.1"
"rlang","rlang","/home/joernih/R/x86_64-pc-linux-gnu-library/4.1","0.4.11",NA,"R (>= 3.3.0)","utils",NA,"cli, covr, crayon, glue, magrittr, methods, pak, pillar,
rmarkdown, testthat (>= 3.0.0), vctrs (>= 0.2.3), withr","winch","MIT + file LICENSE",NA,NA,NA,NA,"yes","4.1.1"
"rmarkdown","rmarkdown","/home/joernih/R/x86_64-pc-linux-gnu-library/4.1","2.10",NA,"R (>= 3.0)","tools, utils, knitr (>= 1.22), yaml (>= 2.1.19), htmltools (>=
0.3.5), evaluate (>= 0.13), jsonlite, tinytex (>= 0.31), xfun
(>= 0.21), methods, stringr (>= 1.2.0)",NA,"shiny (>= 1.6.0), tufte, testthat (>= 3.0.0), digest,
dygraphs, vctrs, tibble, fs, rsconnect, withr (>= 2.4.2), bslib
(>= 0.2.5.1), sass (>= 0.4.0)",NA,"GPL-3",NA,NA,NA,NA,"no","4.1.1"
"roxygen2","roxygen2","/home/joernih/R/x86_64-pc-linux-gnu-library/4.1","7.1.1",NA,"R (>= 3.2)","brew, commonmark, desc (>= 1.2.0), digest, knitr, methods,
pkgload (>= 1.0.2), purrr (>= 0.3.3), R6 (>= 2.1.2), Rcpp (>=
0.11.0), rlang, stringi, stringr (>= 1.0.0), utils, xml2","Rcpp","covr, devtools, rmarkdown, testthat (>= 2.1.0), R.methodsS3,
R.oo",NA,"GPL (>= 2)",NA,NA,NA,NA,"yes","4.1.1"
"rprojroot","rprojroot","/home/joernih/R/x86_64-pc-linux-gnu-library/4.1","2.0.2",NA,"R (>= 3.0.0)",NA,NA,"covr, knitr, lifecycle, mockr, rmarkdown, testthat (>=
3.0.0), withr",NA,"MIT + file LICENSE",NA,NA,NA,NA,"no","4.1.1"
"rstudioapi","rstudioapi","/home/joernih/R/x86_64-pc-linux-gnu-library/4.1","0.13",NA,NA,NA,NA,"testthat, knitr, rmarkdown, clipr",NA,"MIT + file LICENSE",NA,NA,NA,NA,"no","4.1.1"
"rversions","rversions","/home/joernih/R/x86_64-pc-linux-gnu-library/4.1","2.1.1",NA,NA,"curl, utils, xml2 (>= 1.0.0)",NA,"mockery, testthat",NA,"MIT + file LICENSE",NA,NA,NA,NA,"no","4.1.1"
"scales","scales","/home/joernih/R/x86_64-pc-linux-gnu-library/4.1","1.1.1",NA,"R (>= 3.2)","farver (>= 2.0.3), labeling, lifecycle, munsell (>= 0.5), R6,
RColorBrewer, viridisLite",NA,"bit64, covr, dichromat, ggplot2, hms (>= 0.5.0), testthat (>=
2.1.0)",NA,"MIT + file LICENSE",NA,NA,NA,NA,"no","4.1.1"
"servr","servr","/home/joernih/R/x86_64-pc-linux-gnu-library/4.1","0.23",NA,"R (>= 3.0.0)","mime (>= 0.2), httpuv (>= 1.5.2), xfun, jsonlite",NA,"tools, later, rstudioapi, knitr (>= 1.9), rmarkdown",NA,"GPL",NA,NA,NA,NA,"no","4.1.1"
"sessioninfo","sessioninfo","/home/joernih/R/x86_64-pc-linux-gnu-library/4.1","1.1.1",NA,NA,"cli, tools, utils, withr",NA,"callr, covr, mockery, testthat",NA,"GPL-2",NA,NA,NA,NA,"no","4.1.1"
"stringi","stringi","/home/joernih/R/x86_64-pc-linux-gnu-library/4.1","1.7.3",NA,"R (>= 3.1)","tools, utils, stats",NA,NA,NA,"file LICENSE","yes",NA,NA,NA,"yes","4.1.1"
"stringr","stringr","/home/joernih/R/x86_64-pc-linux-gnu-library/4.1","1.4.0",NA,"R (>= 3.1)","glue (>= 1.2.0), magrittr, stringi (>= 1.1.7)",NA,"covr, htmltools, htmlwidgets, knitr, rmarkdown, testthat",NA,"GPL-2 | file LICENSE",NA,NA,NA,NA,"no","4.1.1"
"sys","sys","/home/joernih/R/x86_64-pc-linux-gnu-library/4.1","3.4",NA,NA,NA,NA,"unix (>= 1.4), spelling, testthat",NA,"MIT + file LICENSE",NA,NA,NA,NA,"yes","4.1.1"
"testthat","testthat","/home/joernih/R/x86_64-pc-linux-gnu-library/4.1","3.0.4",NA,"R (>= 3.1)","brio, callr (>= 3.5.1), cli (>= 2.2.0), crayon (>= 1.3.4),
desc, digest, ellipsis (>= 0.2.0), evaluate, jsonlite,
lifecycle, magrittr, methods, pkgload, praise, processx, ps (>=
1.3.4), R6 (>= 2.2.0), rlang (>= 0.4.9), utils, waldo (>=
0.2.4), withr (>= 2.3.0)",NA,"covr, curl (>= 0.9.5), diffviewer (>= 0.1.0), knitr, mockery,
rmarkdown, rstudioapi, shiny, usethis, vctrs (>= 0.1.0), xml2",NA,"MIT + file LICENSE",NA,NA,NA,NA,"yes","4.1.1"
"tibble","tibble","/home/joernih/R/x86_64-pc-linux-gnu-library/4.1","3.1.3",NA,"R (>= 3.1.0)","ellipsis (>= 0.3.2), fansi (>= 0.4.0), lifecycle (>= 0.2.0),
magrittr, methods, pillar (>= 1.6.0), pkgconfig, rlang (>=
0.4.3), utils, vctrs (>= 0.3.8)",NA,"bench, bit64, blob, cli, covr, crayon (>= 1.3.4), DiagrammeR,
dplyr, evaluate, formattable, ggplot2, hms, htmltools, knitr,
lubridate, mockr, nycflights13, purrr, rmarkdown, testthat (>=
3.0.2), tidyr, withr",NA,"MIT + file LICENSE",NA,NA,NA,NA,"yes","4.1.1"
"tidyr","tidyr","/home/joernih/R/x86_64-pc-linux-gnu-library/4.1","1.1.3",NA,"R (>= 3.1)","dplyr (>= 0.8.2), ellipsis (>= 0.1.0), glue, lifecycle,
magrittr, purrr, rlang, tibble (>= 2.1.1), tidyselect (>=
1.1.0), utils, vctrs (>= 0.3.6)","cpp11 (>= 0.2.6)","covr, data.table, jsonlite, knitr, readr, repurrrsive (>=
1.0.0), rmarkdown, testthat (>= 3.0.0)",NA,"MIT + file LICENSE",NA,NA,NA,NA,"yes","4.1.1"
"tidyselect","tidyselect","/home/joernih/R/x86_64-pc-linux-gnu-library/4.1","1.1.1",NA,"R (>= 3.2)","ellipsis, glue (>= 1.3.0), purrr (>= 0.3.2), rlang (>= 0.4.6),
vctrs (>= 0.3.0)",NA,"covr, crayon, dplyr, knitr, magrittr, rmarkdown, testthat (>=
2.3.0), tibble (>= 2.1.3), withr",NA,"MIT + file LICENSE",NA,NA,NA,NA,"yes","4.1.1"
"tinytex","tinytex","/home/joernih/R/x86_64-pc-linux-gnu-library/4.1","0.33",NA,NA,"xfun (>= 0.23)",NA,"testit, rstudioapi",NA,"MIT + file LICENSE",NA,NA,NA,NA,"no","4.1.1"
"usethis","usethis","/home/joernih/R/x86_64-pc-linux-gnu-library/4.1","2.0.1",NA,"R (>= 3.2)","cli, clipr (>= 0.3.0), crayon, curl (>= 2.7), desc, fs (>=
1.3.0), gert (>= 1.0.2), gh (>= 1.2.0), glue (>= 1.3.0),
jsonlite, lifecycle, purrr, rappdirs, rlang (>= 0.4.10),
rprojroot (>= 1.2), rstudioapi, stats, utils, whisker, withr
(>= 2.3.0), yaml",NA,"covr, knitr, magick, mockr, rmarkdown, roxygen2, spelling (>=
1.2), styler (>= 1.2.0), testthat (>= 3.0.0)",NA,"MIT + file LICENSE",NA,NA,NA,NA,"no","4.1.1"
"utf8","utf8","/home/joernih/R/x86_64-pc-linux-gnu-library/4.1","1.2.2",NA,"R (>= 2.10)",NA,NA,"cli, covr, knitr, rlang, rmarkdown, testthat (>= 3.0.0),
withr",NA,"Apache License (== 2.0) | file LICENSE",NA,NA,NA,NA,"yes","4.1.1"
"uuid","uuid","/home/joernih/R/x86_64-pc-linux-gnu-library/4.1","0.1-4",NA,"R (>= 2.9.0)",NA,NA,NA,NA,"MIT + file LICENSE",NA,NA,NA,NA,"yes","4.1.1"
"vctrs","vctrs","/home/joernih/R/x86_64-pc-linux-gnu-library/4.1","0.3.8",NA,"R (>= 3.3)","ellipsis (>= 0.2.0), glue, rlang (>= 0.4.10)",NA,"bit64, covr, crayon, dplyr (>= 0.8.5), generics, knitr,
pillar (>= 1.4.4), pkgdown, rmarkdown, testthat (>= 2.3.0),
tibble, withr, xml2, waldo (>= 0.2.0), zeallot",NA,"MIT + file LICENSE",NA,NA,NA,NA,"yes","4.1.1"
"viridisLite","viridisLite","/home/joernih/R/x86_64-pc-linux-gnu-library/4.1","0.4.0",NA,"R (>= 2.10)",NA,NA,"hexbin (>= 1.27.0), ggplot2 (>= 1.0.1), testthat, covr",NA,"MIT + file LICENSE",NA,NA,NA,NA,"no","4.1.1"
"waldo","waldo","/home/joernih/R/x86_64-pc-linux-gnu-library/4.1","0.2.5",NA,NA,"cli, diffobj, fansi, glue, methods, rematch2, rlang (>=
0.4.10), tibble",NA,"testthat (>= 3.0.0), covr, R6",NA,"MIT + file LICENSE",NA,NA,NA,NA,"no","4.1.1"
"whisker","whisker","/home/joernih/R/x86_64-pc-linux-gnu-library/4.1","0.4",NA,NA,NA,NA,"markdown",NA,"GPL-3",NA,NA,NA,NA,"no","4.1.1"
"withr","withr","/home/joernih/R/x86_64-pc-linux-gnu-library/4.1","2.4.2",NA,"R (>= 3.2.0)","graphics, grDevices, stats",NA,"covr, DBI, knitr, lattice, methods, rmarkdown, RSQLite,
testthat (>= 2.1.0)",NA,"MIT + file LICENSE",NA,NA,NA,NA,"no","4.1.1"
"xaringan","xaringan","/home/joernih/R/x86_64-pc-linux-gnu-library/4.1","0.22.1",NA,NA,"htmltools, knitr (>= 1.30), servr (>= 0.13), xfun (>= 0.18),
rmarkdown (>= 2.8)",NA,"rstudioapi, testit",NA,"MIT + file LICENSE",NA,NA,NA,NA,"no","4.1.1"
"xaringanExtra","xaringanExtra","/home/joernih/R/x86_64-pc-linux-gnu-library/4.1","0.5.4",NA,NA,"htmltools, jsonlite, knitr, utils, uuid",NA,"rmarkdown, testthat (>= 2.1.0), xaringan",NA,"MIT + file LICENSE",NA,NA,NA,NA,"no","4.1.1"
"xfun","xfun","/home/joernih/R/x86_64-pc-linux-gnu-library/4.1","0.25",NA,NA,"stats, tools",NA,"testit, parallel, codetools, rstudioapi, tinytex (>= 0.30),
mime, markdown, knitr, htmltools, remotes, pak, renv, curl,
jsonlite, rmarkdown",NA,"MIT + file LICENSE",NA,NA,NA,NA,"yes","4.1.1"
"xml2","xml2","/home/joernih/R/x86_64-pc-linux-gnu-library/4.1","1.3.2",NA,"R (>= 3.1.0)","methods",NA,"covr, curl, httr, knitr, magrittr, mockery, rmarkdown,
testthat (>= 2.1.0)",NA,"GPL (>= 2)",NA,NA,NA,NA,"yes","4.1.1"
"xopen","xopen","/home/joernih/R/x86_64-pc-linux-gnu-library/4.1","1.0.0",NA,"R (>= 3.1)","processx",NA,"ps, testthat",NA,"MIT + file LICENSE",NA,NA,NA,NA,"no","4.1.1"
"yaml","yaml","/home/joernih/R/x86_64-pc-linux-gnu-library/4.1","2.2.1",NA,NA,NA,NA,"RUnit",NA,"BSD_3_clause + file LICENSE",NA,NA,NA,NA,"yes","4.1.1"
"zip","zip","/home/joernih/R/x86_64-pc-linux-gnu-library/4.1","2.2.0",NA,NA,NA,NA,"covr, processx, R6, testthat, withr",NA,"MIT + file LICENSE",NA,NA,NA,NA,"yes","4.1.1"
"base","base","/usr/lib/R/library","4.1.1","base",NA,NA,NA,"methods",NA,"Part of R 4.1.1",NA,NA,NA,NA,NA,"4.1.1"
"boot","boot","/usr/lib/R/library","1.3-28","recommended","R (>= 3.0.0), graphics, stats",NA,NA,"MASS, survival",NA,"Unlimited",NA,NA,NA,NA,"no","4.1.1"
"class","class","/usr/lib/R/library","7.3-19","recommended","R (>= 3.0.0), stats, utils","MASS",NA,NA,NA,"GPL-2 | GPL-3",NA,NA,NA,NA,"yes","4.1.1"
"cluster","cluster","/usr/lib/R/library","2.1.2","recommended","R (>= 3.4.0)","graphics, grDevices, stats, utils",NA,"MASS, Matrix",NA,"GPL (>= 2)",NA,NA,NA,NA,"yes","4.1.1"
"codetools","codetools","/usr/lib/R/library","0.2-18","recommended","R (>= 2.1)",NA,NA,NA,NA,"GPL",NA,NA,NA,NA,"no","4.1.1"
"compiler","compiler","/usr/lib/R/library","4.1.1","base",NA,NA,NA,NA,NA,"Part of R 4.1.1",NA,NA,NA,NA,NA,"4.1.1"
"datasets","datasets","/usr/lib/R/library","4.1.1","base",NA,NA,NA,NA,NA,"Part of R 4.1.1",NA,NA,NA,NA,NA,"4.1.1"
"foreign","foreign","/usr/lib/R/library","0.8-81","recommended","R (>= 4.0.0)","methods, utils, stats",NA,NA,NA,"GPL (>= 2)",NA,NA,NA,NA,"yes","4.1.1"
"graphics","graphics","/usr/lib/R/library","4.1.1","base",NA,"grDevices",NA,NA,NA,"Part of R 4.1.1",NA,NA,NA,NA,"yes","4.1.1"
"grDevices","grDevices","/usr/lib/R/library","4.1.1","base",NA,NA,NA,"KernSmooth",NA,"Part of R 4.1.1",NA,NA,NA,NA,"yes","4.1.1"
"grid","grid","/usr/lib/R/library","4.1.1","base",NA,"grDevices, utils",NA,NA,NA,"Part of R 4.1.1",NA,NA,NA,NA,"yes","4.1.1"
"KernSmooth","KernSmooth","/usr/lib/R/library","2.23-20","recommended","R (>= 2.5.0), stats",NA,NA,"MASS, carData",NA,"Unlimited",NA,NA,NA,NA,"yes","4.1.1"
"lattice","lattice","/usr/lib/R/library","0.20-44","recommended","R (>= 3.0.0)","grid, grDevices, graphics, stats, utils",NA,"KernSmooth, MASS, latticeExtra","chron","GPL (>= 2)",NA,NA,NA,NA,"yes","4.1.1"
"MASS","MASS","/usr/lib/R/library","7.3-54","recommended","R (>= 3.3.0), grDevices, graphics, stats, utils","methods",NA,"lattice, nlme, nnet, survival",NA,"GPL-2 | GPL-3",NA,NA,NA,NA,"yes","4.1.1"
"Matrix","Matrix","/usr/lib/R/library","1.3-4","recommended","R (>= 3.5.0)","methods, graphics, grid, stats, utils, lattice",NA,"expm, MASS","MatrixModels, graph, SparseM, sfsmisc, igraph, maptools, sp,
spdep","GPL (>= 2) | file LICENCE",NA,NA,NA,NA,"yes","4.1.1"
"methods","methods","/usr/lib/R/library","4.1.1","base",NA,"utils, stats",NA,"codetools",NA,"Part of R 4.1.1",NA,NA,NA,NA,"yes","4.1.1"
"mgcv","mgcv","/usr/lib/R/library","1.8-36","recommended","R (>= 3.6.0), nlme (>= 3.1-64)","methods, stats, graphics, Matrix, splines, utils",NA,"parallel, survival, MASS",NA,"GPL (>= 2)",NA,NA,NA,NA,"yes","4.1.1"
"nlme","nlme","/usr/lib/R/library","3.1-152","recommended","R (>= 3.4.0)","graphics, stats, utils, lattice",NA,"Hmisc, MASS",NA,"GPL (>= 2) | file LICENCE",NA,NA,NA,NA,"yes","4.1.1"
"nnet","nnet","/usr/lib/R/library","7.3-16","recommended","R (>= 3.0.0), stats, utils",NA,NA,"MASS",NA,"GPL-2 | GPL-3",NA,NA,NA,NA,"yes","4.1.1"
"parallel","parallel","/usr/lib/R/library","4.1.1","base",NA,"tools, compiler",NA,"methods","snow, nws, Rmpi","Part of R 4.1.1",NA,NA,NA,NA,"yes","4.1.1"
"rpart","rpart","/usr/lib/R/library","4.1-15","recommended","R (>= 2.15.0), graphics, stats, grDevices",NA,NA,"survival",NA,"GPL-2 | GPL-3",NA,NA,NA,NA,"yes","4.1.1"
"spatial","spatial","/usr/lib/R/library","7.3-14","recommended","R (>= 3.0.0), graphics, stats, utils",NA,NA,"MASS",NA,"GPL-2 | GPL-3",NA,NA,NA,NA,"yes","4.1.1"
"splines","splines","/usr/lib/R/library","4.1.1","base",NA,"graphics, stats",NA,"Matrix, methods",NA,"Part of R 4.1.1",NA,NA,NA,NA,"yes","4.1.1"
"stats","stats","/usr/lib/R/library","4.1.1","base",NA,"utils, grDevices, graphics",NA,"MASS, Matrix, SuppDists, methods, stats4",NA,"Part of R 4.1.1",NA,NA,NA,NA,"yes","4.1.1"
"stats4","stats4","/usr/lib/R/library","4.1.1","base",NA,"graphics, methods, stats",NA,NA,NA,"Part of R 4.1.1",NA,NA,NA,NA,NA,"4.1.1"
"survival","survival","/usr/lib/R/library","3.2-11","recommended","R (>= 3.5.0)","graphics, Matrix, methods, splines, stats, utils",NA,NA,NA,"LGPL (>= 2)",NA,NA,NA,NA,"yes","4.1.1"
"tcltk","tcltk","/usr/lib/R/library","4.1.1","base",NA,"utils",NA,NA,NA,"Part of R 4.1.1",NA,NA,NA,NA,"yes","4.1.1"
"tools","tools","/usr/lib/R/library","4.1.1","base",NA,NA,NA,"codetools, methods, xml2, curl, commonmark",NA,"Part of R 4.1.1",NA,NA,NA,NA,"yes","4.1.1"
"utils","utils","/usr/lib/R/library","4.1.1","base",NA,NA,NA,"methods, xml2, commonmark",NA,"Part of R 4.1.1",NA,NA,NA,NA,"yes","4.1.1"
